DATAFLOW,LAST UPDATE,freq,unit,s_adj,na_item,geo,TIME_PERIOD,OBS_VALUE,OBS_FLAG,CONF_STATUS
ESTAT:NAMQ_10_GDP(1.0),21/03/25 23:00:00,Quarterly,"Current prices, million euro",Unadjusted data (i.e. neither seasonally adjusted nor calendar adjusted data),Gross domestic product at market prices,Czechia,1995-Q1,10278.9,,
ESTAT:NAMQ_10_GDP(1.0),21/03/25 23:00:00,Quarterly,"Current prices, million euro",Unadjusted data (i.e. neither seasonally adjusted nor calendar adjusted data),Gross domestic product at market prices,Czechia,1995-Q2,11487.7,,
ESTAT:NAMQ_10_GDP(1.0),21/03/25 23:00:00,Quarterly,"Current prices, million euro",Unadjusted data (i.e. neither seasonally adjusted nor calendar adjusted data),Gross domestic product at market prices,Czechia,1995-Q3,12011.0,,
ESTAT:NAMQ_10_GDP(1.0),21/03/25 23:00:00,Quarterly,"Current prices, million euro",Unadjusted data (i.e. neither seasonally adjusted nor calendar adjusted data),Gross domestic product at market prices,Czechia,1995-Q4,12547.9,,
ESTAT:NAMQ_10_GDP(1.0),21/03/25 23:00:00,Quarterly,"Current prices, million euro",Unadjusted data (i.e. neither seasonally adjusted nor calendar adjusted data),Gross domestic product at market prices,Czechia,1996-Q1,11817.6,,
ESTAT:NAMQ_10_GDP(1.0),21/03/25 23:00:00,Quarterly,"Current prices, million euro",Unadjusted data (i.e. neither seasonally adjusted nor calendar adjusted data),Gross domestic product at market prices,Czechia,1996-Q2,13243.9,,
ESTAT:NAMQ_10_GDP(1.0),21/03/25 23:00:00,Quarterly,"Current prices, million euro",Unadjusted data (i.e. neither seasonally adjusted nor calendar adjusted data),Gross domestic product at market prices,Czechia,1996-Q3,13960.7,,
ESTAT:NAMQ_10_GDP(1.0),21/03/25 23:00:00,Quarterly,"Current prices, million euro",Unadjusted data (i.e. neither seasonally adjusted nor calendar adjusted data),Gross domestic product at market prices,Czechia,1996-Q4,14420.8,,
ESTAT:NAMQ_10_GDP(1.0),21/03/25 23:00:00,Quarterly,"Current prices, million euro",Unadjusted data (i.e. neither seasonally adjusted nor calendar adjusted data),Gross domestic product at market prices,Czechia,1997-Q1,13320.8,,
ESTAT:NAMQ_10_GDP(1.0),21/03/25 23:00:00,Quarterly,"Current prices, million euro",Unadjusted data (i.e. neither seasonally adjusted nor calendar adjusted data),Gross domestic product at market prices,Czechia,1997-Q2,13884.5,,
ESTAT:NAMQ_10_GDP(1.0),21/03/25 23:00:00,Quarterly,"Current prices, million euro",Unadjusted data (i.e. neither seasonally adjusted nor calendar adjusted data),Gross domestic product at market prices,Czechia,1997-Q3,13835.1,,
ESTAT:NAMQ_10_GDP(1.0),21/03/25 23:00:00,Quarterly,"Current prices, million euro",Unadjusted data (i.e. neither seasonally adjusted nor calendar adjusted data),Gross domestic product at market prices,Czechia,1997-Q4,14127.2,,
ESTAT:NAMQ_10_GDP(1.0),21/03/25 23:00:00,Quarterly,"Current prices, million euro",Unadjusted data (i.e. neither seasonally adjusted nor calendar adjusted data),Gross domestic product at market prices,Czechia,1998-Q1,12965.4,,
ESTAT:NAMQ_10_GDP(1.0),21/03/25 23:00:00,Quarterly,"Current prices, million euro",Unadjusted data (i.e. neither seasonally adjusted nor calendar adjusted data),Gross domestic product at market prices,Czechia,1998-Q2,15046.6,,
ESTAT:NAMQ_10_GDP(1.0),21/03/25 23:00:00,Quarterly,"Current prices, million euro",Unadjusted data (i.e. neither seasonally adjusted nor calendar adjusted data),Gross domestic product at market prices,Czechia,1998-Q3,15978.1,,
ESTAT:NAMQ_10_GDP(1.0),21/03/25 23:00:00,Quarterly,"Current prices, million euro",Unadjusted data (i.e. neither seasonally adjusted nor calendar adjusted data),Gross domestic product at market prices,Czechia,1998-Q4,16286.3,,
ESTAT:NAMQ_10_GDP(1.0),21/03/25 23:00:00,Quarterly,"Current prices, million euro",Unadjusted data (i.e. neither seasonally adjusted nor calendar adjusted data),Gross domestic product at market prices,Czechia,1999-Q1,13704.9,,
ESTAT:NAMQ_10_GDP(1.0),21/03/25 23:00:00,Quarterly,"Current prices, million euro",Unadjusted data (i.e. neither seasonally adjusted nor calendar adjusted data),Gross domestic product at market prices,Czechia,1999-Q2,15179.5,,
ESTAT:NAMQ_10_GDP(1.0),21/03/25 23:00:00,Quarterly,"Current prices, million euro",Unadjusted data (i.e. neither seasonally adjusted nor calendar adjusted data),Gross domestic product at market prices,Czechia,1999-Q3,15955.0,,
ESTAT:NAMQ_10_GDP(1.0),21/03/25 23:00:00,Quarterly,"Current prices, million euro",Unadjusted data (i.e. neither seasonally adjusted nor calendar adjusted data),Gross domestic product at market prices,Czechia,1999-Q4,16668.9,,
ESTAT:NAMQ_10_GDP(1.0),21/03/25 23:00:00,Quarterly,"Current prices, million euro",Unadjusted data (i.e. neither seasonally adjusted nor calendar adjusted data),Gross domestic product at market prices,Czechia,2000-Q1,15214.9,,
ESTAT:NAMQ_10_GDP(1.0),21/03/25 23:00:00,Quarterly,"Current prices, million euro",Unadjusted data (i.e. neither seasonally adjusted nor calendar adjusted data),Gross domestic product at market prices,Czechia,2000-Q2,16592.6,,
ESTAT:NAMQ_10_GDP(1.0),21/03/25 23:00:00,Quarterly,"Current prices, million euro",Unadjusted data (i.e. neither seasonally adjusted nor calendar adjusted data),Gross domestic product at market prices,Czechia,2000-Q3,17381.4,,
ESTAT:NAMQ_10_GDP(1.0),21/03/25 23:00:00,Quarterly,"Current prices, million euro",Unadjusted data (i.e. neither seasonally adjusted nor calendar adjusted data),Gross domestic product at market prices,Czechia,2000-Q4,18257.1,,
ESTAT:NAMQ_10_GDP(1.0),21/03/25 23:00:00,Quarterly,"Current prices, million euro",Unadjusted data (i.e. neither seasonally adjusted nor calendar adjusted data),Gross domestic product at market prices,Czechia,2001-Q1,16896.6,,
ESTAT:NAMQ_10_GDP(1.0),21/03/25 23:00:00,Quarterly,"Current prices, million euro",Unadjusted data (i.e. neither seasonally adjusted nor calendar adjusted data),Gross domestic product at market prices,Czechia,2001-Q2,18857.0,,
ESTAT:NAMQ_10_GDP(1.0),21/03/25 23:00:00,Quarterly,"Current prices, million euro",Unadjusted data (i.e. neither seasonally adjusted nor calendar adjusted data),Gross domestic product at market prices,Czechia,2001-Q3,19524.8,,
ESTAT:NAMQ_10_GDP(1.0),21/03/25 23:00:00,Quarterly,"Current prices, million euro",Unadjusted data (i.e. neither seasonally adjusted nor calendar adjusted data),Gross domestic product at market prices,Czechia,2001-Q4,20890.7,,
ESTAT:NAMQ_10_GDP(1.0),21/03/25 23:00:00,Quarterly,"Current prices, million euro",Unadjusted data (i.e. neither seasonally adjusted nor calendar adjusted data),Gross domestic product at market prices,Czechia,2002-Q1,19592.6,,
ESTAT:NAMQ_10_GDP(1.0),21/03/25 23:00:00,Quarterly,"Current prices, million euro",Unadjusted data (i.e. neither seasonally adjusted nor calendar adjusted data),Gross domestic product at market prices,Czechia,2002-Q2,22507.9,,
ESTAT:NAMQ_10_GDP(1.0),21/03/25 23:00:00,Quarterly,"Current prices, million euro",Unadjusted data (i.e. neither seasonally adjusted nor calendar adjusted data),Gross domestic product at market prices,Czechia,2002-Q3,22878.9,,
ESTAT:NAMQ_10_GDP(1.0),21/03/25 23:00:00,Quarterly,"Current prices, million euro",Unadjusted data (i.e. neither seasonally adjusted nor calendar adjusted data),Gross domestic product at market prices,Czechia,2002-Q4,22884.8,,
ESTAT:NAMQ_10_GDP(1.0),21/03/25 23:00:00,Quarterly,"Current prices, million euro",Unadjusted data (i.e. neither seasonally adjusted nor calendar adjusted data),Gross domestic product at market prices,Czechia,2003-Q1,20617.6,,
ESTAT:NAMQ_10_GDP(1.0),21/03/25 23:00:00,Quarterly,"Current prices, million euro",Unadjusted data (i.e. neither seasonally adjusted nor calendar adjusted data),Gross domestic product at market prices,Czechia,2003-Q2,22658.9,,
ESTAT:NAMQ_10_GDP(1.0),21/03/25 23:00:00,Quarterly,"Current prices, million euro",Unadjusted data (i.e. neither seasonally adjusted nor calendar adjusted data),Gross domestic product at market prices,Czechia,2003-Q3,22518.2,,
ESTAT:NAMQ_10_GDP(1.0),21/03/25 23:00:00,Quarterly,"Current prices, million euro",Unadjusted data (i.e. neither seasonally adjusted nor calendar adjusted data),Gross domestic product at market prices,Czechia,2003-Q4,23172.5,,
ESTAT:NAMQ_10_GDP(1.0),21/03/25 23:00:00,Quarterly,"Current prices, million euro",Unadjusted data (i.e. neither seasonally adjusted nor calendar adjusted data),Gross domestic product at market prices,Czechia,2004-Q1,21411.3,,
ESTAT:NAMQ_10_GDP(1.0),21/03/25 23:00:00,Quarterly,"Current prices, million euro",Unadjusted data (i.e. neither seasonally adjusted nor calendar adjusted data),Gross domestic product at market prices,Czechia,2004-Q2,23854.2,,
ESTAT:NAMQ_10_GDP(1.0),21/03/25 23:00:00,Quarterly,"Current prices, million euro",Unadjusted data (i.e. neither seasonally adjusted nor calendar adjusted data),Gross domestic product at market prices,Czechia,2004-Q3,24815.5,,
ESTAT:NAMQ_10_GDP(1.0),21/03/25 23:00:00,Quarterly,"Current prices, million euro",Unadjusted data (i.e. neither seasonally adjusted nor calendar adjusted data),Gross domestic product at market prices,Czechia,2004-Q4,26870.6,,
ESTAT:NAMQ_10_GDP(1.0),21/03/25 23:00:00,Quarterly,"Current prices, million euro",Unadjusted data (i.e. neither seasonally adjusted nor calendar adjusted data),Gross domestic product at market prices,Czechia,2005-Q1,25257.7,,
ESTAT:NAMQ_10_GDP(1.0),21/03/25 23:00:00,Quarterly,"Current prices, million euro",Unadjusted data (i.e. neither seasonally adjusted nor calendar adjusted data),Gross domestic product at market prices,Czechia,2005-Q2,27338.3,,
ESTAT:NAMQ_10_GDP(1.0),21/03/25 23:00:00,Quarterly,"Current prices, million euro",Unadjusted data (i.e. neither seasonally adjusted nor calendar adjusted data),Gross domestic product at market prices,Czechia,2005-Q3,27944.6,,
ESTAT:NAMQ_10_GDP(1.0),21/03/25 23:00:00,Quarterly,"Current prices, million euro",Unadjusted data (i.e. neither seasonally adjusted nor calendar adjusted data),Gross domestic product at market prices,Czechia,2005-Q4,29933.3,,
ESTAT:NAMQ_10_GDP(1.0),21/03/25 23:00:00,Quarterly,"Current prices, million euro",Unadjusted data (i.e. neither seasonally adjusted nor calendar adjusted data),Gross domestic product at market prices,Czechia,2006-Q1,28231.0,,
ESTAT:NAMQ_10_GDP(1.0),21/03/25 23:00:00,Quarterly,"Current prices, million euro",Unadjusted data (i.e. neither seasonally adjusted nor calendar adjusted data),Gross domestic product at market prices,Czechia,2006-Q2,30876.6,,
ESTAT:NAMQ_10_GDP(1.0),21/03/25 23:00:00,Quarterly,"Current prices, million euro",Unadjusted data (i.e. neither seasonally adjusted nor calendar adjusted data),Gross domestic product at market prices,Czechia,2006-Q3,31773.3,,
ESTAT:NAMQ_10_GDP(1.0),21/03/25 23:00:00,Quarterly,"Current prices, million euro",Unadjusted data (i.e. neither seasonally adjusted nor calendar adjusted data),Gross domestic product at market prices,Czechia,2006-Q4,33743.3,,
ESTAT:NAMQ_10_GDP(1.0),21/03/25 23:00:00,Quarterly,"Current prices, million euro",Unadjusted data (i.e. neither seasonally adjusted nor calendar adjusted data),Gross domestic product at market prices,Czechia,2007-Q1,31808.5,,
ESTAT:NAMQ_10_GDP(1.0),21/03/25 23:00:00,Quarterly,"Current prices, million euro",Unadjusted data (i.e. neither seasonally adjusted nor calendar adjusted data),Gross domestic product at market prices,Czechia,2007-Q2,33830.5,,
ESTAT:NAMQ_10_GDP(1.0),21/03/25 23:00:00,Quarterly,"Current prices, million euro",Unadjusted data (i.e. neither seasonally adjusted nor calendar adjusted data),Gross domestic product at market prices,Czechia,2007-Q3,35171.9,,
ESTAT:NAMQ_10_GDP(1.0),21/03/25 23:00:00,Quarterly,"Current prices, million euro",Unadjusted data (i.e. neither seasonally adjusted nor calendar adjusted data),Gross domestic product at market prices,Czechia,2007-Q4,38232.3,,
ESTAT:NAMQ_10_GDP(1.0),21/03/25 23:00:00,Quarterly,"Current prices, million euro",Unadjusted data (i.e. neither seasonally adjusted nor calendar adjusted data),Gross domestic product at market prices,Czechia,2008-Q1,36710.6,,
ESTAT:NAMQ_10_GDP(1.0),21/03/25 23:00:00,Quarterly,"Current prices, million euro",Unadjusted data (i.e. neither seasonally adjusted nor calendar adjusted data),Gross domestic product at market prices,Czechia,2008-Q2,41167.3,,
ESTAT:NAMQ_10_GDP(1.0),21/03/25 23:00:00,Quarterly,"Current prices, million euro",Unadjusted data (i.e. neither seasonally adjusted nor calendar adjusted data),Gross domestic product at market prices,Czechia,2008-Q3,43371.2,,
ESTAT:NAMQ_10_GDP(1.0),21/03/25 23:00:00,Quarterly,"Current prices, million euro",Unadjusted data (i.e. neither seasonally adjusted nor calendar adjusted data),Gross domestic product at market prices,Czechia,2008-Q4,40718.5,,
ESTAT:NAMQ_10_GDP(1.0),21/03/25 23:00:00,Quarterly,"Current prices, million euro",Unadjusted data (i.e. neither seasonally adjusted nor calendar adjusted data),Gross domestic product at market prices,Czechia,2009-Q1,33872.2,,
ESTAT:NAMQ_10_GDP(1.0),21/03/25 23:00:00,Quarterly,"Current prices, million euro",Unadjusted data (i.e. neither seasonally adjusted nor calendar adjusted data),Gross domestic product at market prices,Czechia,2009-Q2,37061.4,,
ESTAT:NAMQ_10_GDP(1.0),21/03/25 23:00:00,Quarterly,"Current prices, million euro",Unadjusted data (i.e. neither seasonally adjusted nor calendar adjusted data),Gross domestic product at market prices,Czechia,2009-Q3,38748.2,,
ESTAT:NAMQ_10_GDP(1.0),21/03/25 23:00:00,Quarterly,"Current prices, million euro",Unadjusted data (i.e. neither seasonally adjusted nor calendar adjusted data),Gross domestic product at market prices,Czechia,2009-Q4,39733.0,,
ESTAT:NAMQ_10_GDP(1.0),21/03/25 23:00:00,Quarterly,"Current prices, million euro",Unadjusted data (i.e. neither seasonally adjusted nor calendar adjusted data),Gross domestic product at market prices,Czechia,2010-Q1,35923.0,,
ESTAT:NAMQ_10_GDP(1.0),21/03/25 23:00:00,Quarterly,"Current prices, million euro",Unadjusted data (i.e. neither seasonally adjusted nor calendar adjusted data),Gross domestic product at market prices,Czechia,2010-Q2,39933.8,,
ESTAT:NAMQ_10_GDP(1.0),21/03/25 23:00:00,Quarterly,"Current prices, million euro",Unadjusted data (i.e. neither seasonally adjusted nor calendar adjusted data),Gross domestic product at market prices,Czechia,2010-Q3,41204.7,,
ESTAT:NAMQ_10_GDP(1.0),21/03/25 23:00:00,Quarterly,"Current prices, million euro",Unadjusted data (i.e. neither seasonally adjusted nor calendar adjusted data),Gross domestic product at market prices,Czechia,2010-Q4,42543.1,,
ESTAT:NAMQ_10_GDP(1.0),21/03/25 23:00:00,Quarterly,"Current prices, million euro",Unadjusted data (i.e. neither seasonally adjusted nor calendar adjusted data),Gross domestic product at market prices,Czechia,2011-Q1,39045.2,,
ESTAT:NAMQ_10_GDP(1.0),21/03/25 23:00:00,Quarterly,"Current prices, million euro",Unadjusted data (i.e. neither seasonally adjusted nor calendar adjusted data),Gross domestic product at market prices,Czechia,2011-Q2,42503.7,,
ESTAT:NAMQ_10_GDP(1.0),21/03/25 23:00:00,Quarterly,"Current prices, million euro",Unadjusted data (i.e. neither seasonally adjusted nor calendar adjusted data),Gross domestic product at market prices,Czechia,2011-Q3,42559.6,,
ESTAT:NAMQ_10_GDP(1.0),21/03/25 23:00:00,Quarterly,"Current prices, million euro",Unadjusted data (i.e. neither seasonally adjusted nor calendar adjusted data),Gross domestic product at market prices,Czechia,2011-Q4,42406.5,,
ESTAT:NAMQ_10_GDP(1.0),21/03/25 23:00:00,Quarterly,"Current prices, million euro",Unadjusted data (i.e. neither seasonally adjusted nor calendar adjusted data),Gross domestic product at market prices,Czechia,2012-Q1,38685.4,,
ESTAT:NAMQ_10_GDP(1.0),21/03/25 23:00:00,Quarterly,"Current prices, million euro",Unadjusted data (i.e. neither seasonally adjusted nor calendar adjusted data),Gross domestic product at market prices,Czechia,2012-Q2,41043.8,,
ESTAT:NAMQ_10_GDP(1.0),21/03/25 23:00:00,Quarterly,"Current prices, million euro",Unadjusted data (i.e. neither seasonally adjusted nor calendar adjusted data),Gross domestic product at market prices,Czechia,2012-Q3,41390.2,,
ESTAT:NAMQ_10_GDP(1.0),21/03/25 23:00:00,Quarterly,"Current prices, million euro",Unadjusted data (i.e. neither seasonally adjusted nor calendar adjusted data),Gross domestic product at market prices,Czechia,2012-Q4,42624.0,,
ESTAT:NAMQ_10_GDP(1.0),21/03/25 23:00:00,Quarterly,"Current prices, million euro",Unadjusted data (i.e. neither seasonally adjusted nor calendar adjusted data),Gross domestic product at market prices,Czechia,2013-Q1,37614.2,,
ESTAT:NAMQ_10_GDP(1.0),21/03/25 23:00:00,Quarterly,"Current prices, million euro",Unadjusted data (i.e. neither seasonally adjusted nor calendar adjusted data),Gross domestic product at market prices,Czechia,2013-Q2,40300.8,,
ESTAT:NAMQ_10_GDP(1.0),21/03/25 23:00:00,Quarterly,"Current prices, million euro",Unadjusted data (i.e. neither seasonally adjusted nor calendar adjusted data),Gross domestic product at market prices,Czechia,2013-Q3,40981.4,,
ESTAT:NAMQ_10_GDP(1.0),21/03/25 23:00:00,Quarterly,"Current prices, million euro",Unadjusted data (i.e. neither seasonally adjusted nor calendar adjusted data),Gross domestic product at market prices,Czechia,2013-Q4,41522.4,,
ESTAT:NAMQ_10_GDP(1.0),21/03/25 23:00:00,Quarterly,"Current prices, million euro",Unadjusted data (i.e. neither seasonally adjusted nor calendar adjusted data),Gross domestic product at market prices,Czechia,2014-Q1,36623.6,,
ESTAT:NAMQ_10_GDP(1.0),21/03/25 23:00:00,Quarterly,"Current prices, million euro",Unadjusted data (i.e. neither seasonally adjusted nor calendar adjusted data),Gross domestic product at market prices,Czechia,2014-Q2,39963.2,,
ESTAT:NAMQ_10_GDP(1.0),21/03/25 23:00:00,Quarterly,"Current prices, million euro",Unadjusted data (i.e. neither seasonally adjusted nor calendar adjusted data),Gross domestic product at market prices,Czechia,2014-Q3,40755.0,,
ESTAT:NAMQ_10_GDP(1.0),21/03/25 23:00:00,Quarterly,"Current prices, million euro",Unadjusted data (i.e. neither seasonally adjusted nor calendar adjusted data),Gross domestic product at market prices,Czechia,2014-Q4,41640.4,,
ESTAT:NAMQ_10_GDP(1.0),21/03/25 23:00:00,Quarterly,"Current prices, million euro",Unadjusted data (i.e. neither seasonally adjusted nor calendar adjusted data),Gross domestic product at market prices,Czechia,2015-Q1,38829.8,,
ESTAT:NAMQ_10_GDP(1.0),21/03/25 23:00:00,Quarterly,"Current prices, million euro",Unadjusted data (i.e. neither seasonally adjusted nor calendar adjusted data),Gross domestic product at market prices,Czechia,2015-Q2,42711.9,,
ESTAT:NAMQ_10_GDP(1.0),21/03/25 23:00:00,Quarterly,"Current prices, million euro",Unadjusted data (i.e. neither seasonally adjusted nor calendar adjusted data),Gross domestic product at market prices,Czechia,2015-Q3,44000.4,,
ESTAT:NAMQ_10_GDP(1.0),21/03/25 23:00:00,Quarterly,"Current prices, million euro",Unadjusted data (i.e. neither seasonally adjusted nor calendar adjusted data),Gross domestic product at market prices,Czechia,2015-Q4,45033.0,,
ESTAT:NAMQ_10_GDP(1.0),21/03/25 23:00:00,Quarterly,"Current prices, million euro",Unadjusted data (i.e. neither seasonally adjusted nor calendar adjusted data),Gross domestic product at market prices,Czechia,2016-Q1,41521.3,,
ESTAT:NAMQ_10_GDP(1.0),21/03/25 23:00:00,Quarterly,"Current prices, million euro",Unadjusted data (i.e. neither seasonally adjusted nor calendar adjusted data),Gross domestic product at market prices,Czechia,2016-Q2,45318.7,,
ESTAT:NAMQ_10_GDP(1.0),21/03/25 23:00:00,Quarterly,"Current prices, million euro",Unadjusted data (i.e. neither seasonally adjusted nor calendar adjusted data),Gross domestic product at market prices,Czechia,2016-Q3,45511.0,,
ESTAT:NAMQ_10_GDP(1.0),21/03/25 23:00:00,Quarterly,"Current prices, million euro",Unadjusted data (i.e. neither seasonally adjusted nor calendar adjusted data),Gross domestic product at market prices,Czechia,2016-Q4,46792.7,,
ESTAT:NAMQ_10_GDP(1.0),21/03/25 23:00:00,Quarterly,"Current prices, million euro",Unadjusted data (i.e. neither seasonally adjusted nor calendar adjusted data),Gross domestic product at market prices,Czechia,2017-Q1,43771.1,,
ESTAT:NAMQ_10_GDP(1.0),21/03/25 23:00:00,Quarterly,"Current prices, million euro",Unadjusted data (i.e. neither seasonally adjusted nor calendar adjusted data),Gross domestic product at market prices,Czechia,2017-Q2,49085.5,,
ESTAT:NAMQ_10_GDP(1.0),21/03/25 23:00:00,Quarterly,"Current prices, million euro",Unadjusted data (i.e. neither seasonally adjusted nor calendar adjusted data),Gross domestic product at market prices,Czechia,2017-Q3,50753.8,,
ESTAT:NAMQ_10_GDP(1.0),21/03/25 23:00:00,Quarterly,"Current prices, million euro",Unadjusted data (i.e. neither seasonally adjusted nor calendar adjusted data),Gross domestic product at market prices,Czechia,2017-Q4,53419.4,,
ESTAT:NAMQ_10_GDP(1.0),21/03/25 23:00:00,Quarterly,"Current prices, million euro",Unadjusted data (i.e. neither seasonally adjusted nor calendar adjusted data),Gross domestic product at market prices,Czechia,2018-Q1,49686.0,,
ESTAT:NAMQ_10_GDP(1.0),21/03/25 23:00:00,Quarterly,"Current prices, million euro",Unadjusted data (i.e. neither seasonally adjusted nor calendar adjusted data),Gross domestic product at market prices,Czechia,2018-Q2,53689.1,,
ESTAT:NAMQ_10_GDP(1.0),21/03/25 23:00:00,Quarterly,"Current prices, million euro",Unadjusted data (i.e. neither seasonally adjusted nor calendar adjusted data),Gross domestic product at market prices,Czechia,2018-Q3,54120.1,,
ESTAT:NAMQ_10_GDP(1.0),21/03/25 23:00:00,Quarterly,"Current prices, million euro",Unadjusted data (i.e. neither seasonally adjusted nor calendar adjusted data),Gross domestic product at market prices,Czechia,2018-Q4,55961.9,,
ESTAT:NAMQ_10_GDP(1.0),21/03/25 23:00:00,Quarterly,"Current prices, million euro",Unadjusted data (i.e. neither seasonally adjusted nor calendar adjusted data),Gross domestic product at market prices,Czechia,2019-Q1,52683.1,,
ESTAT:NAMQ_10_GDP(1.0),21/03/25 23:00:00,Quarterly,"Current prices, million euro",Unadjusted data (i.e. neither seasonally adjusted nor calendar adjusted data),Gross domestic product at market prices,Czechia,2019-Q2,57407.3,,
ESTAT:NAMQ_10_GDP(1.0),21/03/25 23:00:00,Quarterly,"Current prices, million euro",Unadjusted data (i.e. neither seasonally adjusted nor calendar adjusted data),Gross domestic product at market prices,Czechia,2019-Q3,58676.0,,
ESTAT:NAMQ_10_GDP(1.0),21/03/25 23:00:00,Quarterly,"Current prices, million euro",Unadjusted data (i.e. neither seasonally adjusted nor calendar adjusted data),Gross domestic product at market prices,Czechia,2019-Q4,60651.3,,
ESTAT:NAMQ_10_GDP(1.0),21/03/25 23:00:00,Quarterly,"Current prices, million euro",Unadjusted data (i.e. neither seasonally adjusted nor calendar adjusted data),Gross domestic product at market prices,Czechia,2020-Q1,54112.7,,
ESTAT:NAMQ_10_GDP(1.0),21/03/25 23:00:00,Quarterly,"Current prices, million euro",Unadjusted data (i.e. neither seasonally adjusted nor calendar adjusted data),Gross domestic product at market prices,Czechia,2020-Q2,50948.8,,
ESTAT:NAMQ_10_GDP(1.0),21/03/25 23:00:00,Quarterly,"Current prices, million euro",Unadjusted data (i.e. neither seasonally adjusted nor calendar adjusted data),Gross domestic product at market prices,Czechia,2020-Q3,56674.1,,
ESTAT:NAMQ_10_GDP(1.0),21/03/25 23:00:00,Quarterly,"Current prices, million euro",Unadjusted data (i.e. neither seasonally adjusted nor calendar adjusted data),Gross domestic product at market prices,Czechia,2020-Q4,58578.4,,
ESTAT:NAMQ_10_GDP(1.0),21/03/25 23:00:00,Quarterly,"Current prices, million euro",Unadjusted data (i.e. neither seasonally adjusted nor calendar adjusted data),Gross domestic product at market prices,Czechia,2021-Q1,54372.7,,
ESTAT:NAMQ_10_GDP(1.0),21/03/25 23:00:00,Quarterly,"Current prices, million euro",Unadjusted data (i.e. neither seasonally adjusted nor calendar adjusted data),Gross domestic product at market prices,Czechia,2021-Q2,61744.8,,
ESTAT:NAMQ_10_GDP(1.0),21/03/25 23:00:00,Quarterly,"Current prices, million euro",Unadjusted data (i.e. neither seasonally adjusted nor calendar adjusted data),Gross domestic product at market prices,Czechia,2021-Q3,63754.3,,
ESTAT:NAMQ_10_GDP(1.0),21/03/25 23:00:00,Quarterly,"Current prices, million euro",Unadjusted data (i.e. neither seasonally adjusted nor calendar adjusted data),Gross domestic product at market prices,Czechia,2021-Q4,66269.1,,
ESTAT:NAMQ_10_GDP(1.0),21/03/25 23:00:00,Quarterly,"Current prices, million euro",Unadjusted data (i.e. neither seasonally adjusted nor calendar adjusted data),Gross domestic product at market prices,Czechia,2022-Q1,64837.1,,
ESTAT:NAMQ_10_GDP(1.0),21/03/25 23:00:00,Quarterly,"Current prices, million euro",Unadjusted data (i.e. neither seasonally adjusted nor calendar adjusted data),Gross domestic product at market prices,Czechia,2022-Q2,71591.1,,
ESTAT:NAMQ_10_GDP(1.0),21/03/25 23:00:00,Quarterly,"Current prices, million euro",Unadjusted data (i.e. neither seasonally adjusted nor calendar adjusted data),Gross domestic product at market prices,Czechia,2022-Q3,73813.8,,
ESTAT:NAMQ_10_GDP(1.0),21/03/25 23:00:00,Quarterly,"Current prices, million euro",Unadjusted data (i.e. neither seasonally adjusted nor calendar adjusted data),Gross domestic product at market prices,Czechia,2022-Q4,76792.1,,
ESTAT:NAMQ_10_GDP(1.0),21/03/25 23:00:00,Quarterly,"Current prices, million euro",Unadjusted data (i.e. neither seasonally adjusted nor calendar adjusted data),Gross domestic product at market prices,Czechia,2023-Q1,74543.5,,
ESTAT:NAMQ_10_GDP(1.0),21/03/25 23:00:00,Quarterly,"Current prices, million euro",Unadjusted data (i.e. neither seasonally adjusted nor calendar adjusted data),Gross domestic product at market prices,Czechia,2023-Q2,81790.1,,
ESTAT:NAMQ_10_GDP(1.0),21/03/25 23:00:00,Quarterly,"Current prices, million euro",Unadjusted data (i.e. neither seasonally adjusted nor calendar adjusted data),Gross domestic product at market prices,Czechia,2023-Q3,80099.0,,
ESTAT:NAMQ_10_GDP(1.0),21/03/25 23:00:00,Quarterly,"Current prices, million euro",Unadjusted data (i.e. neither seasonally adjusted nor calendar adjusted data),Gross domestic product at market prices,Czechia,2023-Q4,80924.4,,
ESTAT:NAMQ_10_GDP(1.0),21/03/25 23:00:00,Quarterly,"Current prices, million euro",Unadjusted data (i.e. neither seasonally adjusted nor calendar adjusted data),Gross domestic product at market prices,Czechia,2024-Q1,73568.1,,
ESTAT:NAMQ_10_GDP(1.0),21/03/25 23:00:00,Quarterly,"Current prices, million euro",Unadjusted data (i.e. neither seasonally adjusted nor calendar adjusted data),Gross domestic product at market prices,Czechia,2024-Q2,80983.9,,
ESTAT:NAMQ_10_GDP(1.0),21/03/25 23:00:00,Quarterly,"Current prices, million euro",Unadjusted data (i.e. neither seasonally adjusted nor calendar adjusted data),Gross domestic product at market prices,Czechia,2024-Q3,81350.5,,
ESTAT:NAMQ_10_GDP(1.0),21/03/25 23:00:00,Quarterly,"Current prices, million euro",Unadjusted data (i.e. neither seasonally adjusted nor calendar adjusted data),Gross domestic product at market prices,Czechia,2024-Q4,82946.9,,
ESTAT:NAMQ_10_GDP(1.0),21/03/25 23:00:00,Quarterly,"Current prices, million euro",Unadjusted data (i.e. neither seasonally adjusted nor calendar adjusted data),Gross domestic product at market prices,European Union - 27 countries (from 2020),1995-Q1,1518719.1,,
ESTAT:NAMQ_10_GDP(1.0),21/03/25 23:00:00,Quarterly,"Current prices, million euro",Unadjusted data (i.e. neither seasonally adjusted nor calendar adjusted data),Gross domestic product at market prices,European Union - 27 countries (from 2020),1995-Q2,1570148.2,,
ESTAT:NAMQ_10_GDP(1.0),21/03/25 23:00:00,Quarterly,"Current prices, million euro",Unadjusted data (i.e. neither seasonally adjusted nor calendar adjusted data),Gross domestic product at market prices,European Union - 27 countries (from 2020),1995-Q3,1577014.4,,
ESTAT:NAMQ_10_GDP(1.0),21/03/25 23:00:00,Quarterly,"Current prices, million euro",Unadjusted data (i.e. neither seasonally adjusted nor calendar adjusted data),Gross domestic product at market prices,European Union - 27 countries (from 2020),1995-Q4,1675385.0,,
ESTAT:NAMQ_10_GDP(1.0),21/03/25 23:00:00,Quarterly,"Current prices, million euro",Unadjusted data (i.e. neither seasonally adjusted nor calendar adjusted data),Gross domestic product at market prices,European Union - 27 countries (from 2020),1996-Q1,1593551.7,,
ESTAT:NAMQ_10_GDP(1.0),21/03/25 23:00:00,Quarterly,"Current prices, million euro",Unadjusted data (i.e. neither seasonally adjusted nor calendar adjusted data),Gross domestic product at market prices,European Union - 27 countries (from 2020),1996-Q2,1651975.9,,
ESTAT:NAMQ_10_GDP(1.0),21/03/25 23:00:00,Quarterly,"Current prices, million euro",Unadjusted data (i.e. neither seasonally adjusted nor calendar adjusted data),Gross domestic product at market prices,European Union - 27 countries (from 2020),1996-Q3,1654362.2,,
ESTAT:NAMQ_10_GDP(1.0),21/03/25 23:00:00,Quarterly,"Current prices, million euro",Unadjusted data (i.e. neither seasonally adjusted nor calendar adjusted data),Gross domestic product at market prices,European Union - 27 countries (from 2020),1996-Q4,1740223.6,,
ESTAT:NAMQ_10_GDP(1.0),21/03/25 23:00:00,Quarterly,"Current prices, million euro",Unadjusted data (i.e. neither seasonally adjusted nor calendar adjusted data),Gross domestic product at market prices,European Union - 27 countries (from 2020),1997-Q1,1619092.6,,
ESTAT:NAMQ_10_GDP(1.0),21/03/25 23:00:00,Quarterly,"Current prices, million euro",Unadjusted data (i.e. neither seasonally adjusted nor calendar adjusted data),Gross domestic product at market prices,European Union - 27 countries (from 2020),1997-Q2,1700787.5,,
ESTAT:NAMQ_10_GDP(1.0),21/03/25 23:00:00,Quarterly,"Current prices, million euro",Unadjusted data (i.e. neither seasonally adjusted nor calendar adjusted data),Gross domestic product at market prices,European Union - 27 countries (from 2020),1997-Q3,1696708.0,,
ESTAT:NAMQ_10_GDP(1.0),21/03/25 23:00:00,Quarterly,"Current prices, million euro",Unadjusted data (i.e. neither seasonally adjusted nor calendar adjusted data),Gross domestic product at market prices,European Union - 27 countries (from 2020),1997-Q4,1806657.3,,
ESTAT:NAMQ_10_GDP(1.0),21/03/25 23:00:00,Quarterly,"Current prices, million euro",Unadjusted data (i.e. neither seasonally adjusted nor calendar adjusted data),Gross domestic product at market prices,European Union - 27 countries (from 2020),1998-Q1,1697772.2,,
ESTAT:NAMQ_10_GDP(1.0),21/03/25 23:00:00,Quarterly,"Current prices, million euro",Unadjusted data (i.e. neither seasonally adjusted nor calendar adjusted data),Gross domestic product at market prices,European Union - 27 countries (from 2020),1998-Q2,1766762.1,,
ESTAT:NAMQ_10_GDP(1.0),21/03/25 23:00:00,Quarterly,"Current prices, million euro",Unadjusted data (i.e. neither seasonally adjusted nor calendar adjusted data),Gross domestic product at market prices,European Union - 27 countries (from 2020),1998-Q3,1770030.1,,
ESTAT:NAMQ_10_GDP(1.0),21/03/25 23:00:00,Quarterly,"Current prices, million euro",Unadjusted data (i.e. neither seasonally adjusted nor calendar adjusted data),Gross domestic product at market prices,European Union - 27 countries (from 2020),1998-Q4,1878797.5,,
ESTAT:NAMQ_10_GDP(1.0),21/03/25 23:00:00,Quarterly,"Current prices, million euro",Unadjusted data (i.e. neither seasonally adjusted nor calendar adjusted data),Gross domestic product at market prices,European Union - 27 countries (from 2020),1999-Q1,1769314.8,,
ESTAT:NAMQ_10_GDP(1.0),21/03/25 23:00:00,Quarterly,"Current prices, million euro",Unadjusted data (i.e. neither seasonally adjusted nor calendar adjusted data),Gross domestic product at market prices,European Union - 27 countries (from 2020),1999-Q2,1842512.0,,
ESTAT:NAMQ_10_GDP(1.0),21/03/25 23:00:00,Quarterly,"Current prices, million euro",Unadjusted data (i.e. neither seasonally adjusted nor calendar adjusted data),Gross domestic product at market prices,European Union - 27 countries (from 2020),1999-Q3,1853497.7,,
ESTAT:NAMQ_10_GDP(1.0),21/03/25 23:00:00,Quarterly,"Current prices, million euro",Unadjusted data (i.e. neither seasonally adjusted nor calendar adjusted data),Gross domestic product at market prices,European Union - 27 countries (from 2020),1999-Q4,1977495.3,,
ESTAT:NAMQ_10_GDP(1.0),21/03/25 23:00:00,Quarterly,"Current prices, million euro",Unadjusted data (i.e. neither seasonally adjusted nor calendar adjusted data),Gross domestic product at market prices,European Union - 27 countries (from 2020),2000-Q1,1885253.1,,
ESTAT:NAMQ_10_GDP(1.0),21/03/25 23:00:00,Quarterly,"Current prices, million euro",Unadjusted data (i.e. neither seasonally adjusted nor calendar adjusted data),Gross domestic product at market prices,European Union - 27 countries (from 2020),2000-Q2,1958032.0,,
ESTAT:NAMQ_10_GDP(1.0),21/03/25 23:00:00,Quarterly,"Current prices, million euro",Unadjusted data (i.e. neither seasonally adjusted nor calendar adjusted data),Gross domestic product at market prices,European Union - 27 countries (from 2020),2000-Q3,1959419.0,,
ESTAT:NAMQ_10_GDP(1.0),21/03/25 23:00:00,Quarterly,"Current prices, million euro",Unadjusted data (i.e. neither seasonally adjusted nor calendar adjusted data),Gross domestic product at market prices,European Union - 27 countries (from 2020),2000-Q4,2082268.4,,
ESTAT:NAMQ_10_GDP(1.0),21/03/25 23:00:00,Quarterly,"Current prices, million euro",Unadjusted data (i.e. neither seasonally adjusted nor calendar adjusted data),Gross domestic product at market prices,European Union - 27 countries (from 2020),2001-Q1,1985952.6,,
ESTAT:NAMQ_10_GDP(1.0),21/03/25 23:00:00,Quarterly,"Current prices, million euro",Unadjusted data (i.e. neither seasonally adjusted nor calendar adjusted data),Gross domestic product at market prices,European Union - 27 countries (from 2020),2001-Q2,2059084.8,,
ESTAT:NAMQ_10_GDP(1.0),21/03/25 23:00:00,Quarterly,"Current prices, million euro",Unadjusted data (i.e. neither seasonally adjusted nor calendar adjusted data),Gross domestic product at market prices,European Union - 27 countries (from 2020),2001-Q3,2044928.1,,
ESTAT:NAMQ_10_GDP(1.0),21/03/25 23:00:00,Quarterly,"Current prices, million euro",Unadjusted data (i.e. neither seasonally adjusted nor calendar adjusted data),Gross domestic product at market prices,European Union - 27 countries (from 2020),2001-Q4,2170321.1,,
ESTAT:NAMQ_10_GDP(1.0),21/03/25 23:00:00,Quarterly,"Current prices, million euro",Unadjusted data (i.e. neither seasonally adjusted nor calendar adjusted data),Gross domestic product at market prices,European Union - 27 countries (from 2020),2002-Q1,2049181.1,,
ESTAT:NAMQ_10_GDP(1.0),21/03/25 23:00:00,Quarterly,"Current prices, million euro",Unadjusted data (i.e. neither seasonally adjusted nor calendar adjusted data),Gross domestic product at market prices,European Union - 27 countries (from 2020),2002-Q2,2134364.8,,
ESTAT:NAMQ_10_GDP(1.0),21/03/25 23:00:00,Quarterly,"Current prices, million euro",Unadjusted data (i.e. neither seasonally adjusted nor calendar adjusted data),Gross domestic product at market prices,European Union - 27 countries (from 2020),2002-Q3,2130155.8,,
ESTAT:NAMQ_10_GDP(1.0),21/03/25 23:00:00,Quarterly,"Current prices, million euro",Unadjusted data (i.e. neither seasonally adjusted nor calendar adjusted data),Gross domestic product at market prices,European Union - 27 countries (from 2020),2002-Q4,2245913.9,,
ESTAT:NAMQ_10_GDP(1.0),21/03/25 23:00:00,Quarterly,"Current prices, million euro",Unadjusted data (i.e. neither seasonally adjusted nor calendar adjusted data),Gross domestic product at market prices,European Union - 27 countries (from 2020),2003-Q1,2109044.4,,
ESTAT:NAMQ_10_GDP(1.0),21/03/25 23:00:00,Quarterly,"Current prices, million euro",Unadjusted data (i.e. neither seasonally adjusted nor calendar adjusted data),Gross domestic product at market prices,European Union - 27 countries (from 2020),2003-Q2,2180088.4,,
ESTAT:NAMQ_10_GDP(1.0),21/03/25 23:00:00,Quarterly,"Current prices, million euro",Unadjusted data (i.e. neither seasonally adjusted nor calendar adjusted data),Gross domestic product at market prices,European Union - 27 countries (from 2020),2003-Q3,2190378.5,,
ESTAT:NAMQ_10_GDP(1.0),21/03/25 23:00:00,Quarterly,"Current prices, million euro",Unadjusted data (i.e. neither seasonally adjusted nor calendar adjusted data),Gross domestic product at market prices,European Union - 27 countries (from 2020),2003-Q4,2313199.4,,
ESTAT:NAMQ_10_GDP(1.0),21/03/25 23:00:00,Quarterly,"Current prices, million euro",Unadjusted data (i.e. neither seasonally adjusted nor calendar adjusted data),Gross domestic product at market prices,European Union - 27 countries (from 2020),2004-Q1,2194409.2,,
ESTAT:NAMQ_10_GDP(1.0),21/03/25 23:00:00,Quarterly,"Current prices, million euro",Unadjusted data (i.e. neither seasonally adjusted nor calendar adjusted data),Gross domestic product at market prices,European Union - 27 countries (from 2020),2004-Q2,2288600.4,,
ESTAT:NAMQ_10_GDP(1.0),21/03/25 23:00:00,Quarterly,"Current prices, million euro",Unadjusted data (i.e. neither seasonally adjusted nor calendar adjusted data),Gross domestic product at market prices,European Union - 27 countries (from 2020),2004-Q3,2286065.9,,
ESTAT:NAMQ_10_GDP(1.0),21/03/25 23:00:00,Quarterly,"Current prices, million euro",Unadjusted data (i.e. neither seasonally adjusted nor calendar adjusted data),Gross domestic product at market prices,European Union - 27 countries (from 2020),2004-Q4,2426670.4,,
ESTAT:NAMQ_10_GDP(1.0),21/03/25 23:00:00,Quarterly,"Current prices, million euro",Unadjusted data (i.e. neither seasonally adjusted nor calendar adjusted data),Gross domestic product at market prices,European Union - 27 countries (from 2020),2005-Q1,2283123.0,,
ESTAT:NAMQ_10_GDP(1.0),21/03/25 23:00:00,Quarterly,"Current prices, million euro",Unadjusted data (i.e. neither seasonally adjusted nor calendar adjusted data),Gross domestic product at market prices,European Union - 27 countries (from 2020),2005-Q2,2395312.8,,
ESTAT:NAMQ_10_GDP(1.0),21/03/25 23:00:00,Quarterly,"Current prices, million euro",Unadjusted data (i.e. neither seasonally adjusted nor calendar adjusted data),Gross domestic product at market prices,European Union - 27 countries (from 2020),2005-Q3,2388268.9,,
ESTAT:NAMQ_10_GDP(1.0),21/03/25 23:00:00,Quarterly,"Current prices, million euro",Unadjusted data (i.e. neither seasonally adjusted nor calendar adjusted data),Gross domestic product at market prices,European Union - 27 countries (from 2020),2005-Q4,2533380.2,,
ESTAT:NAMQ_10_GDP(1.0),21/03/25 23:00:00,Quarterly,"Current prices, million euro",Unadjusted data (i.e. neither seasonally adjusted nor calendar adjusted data),Gross domestic product at market prices,European Union - 27 countries (from 2020),2006-Q1,2418904.1,,
ESTAT:NAMQ_10_GDP(1.0),21/03/25 23:00:00,Quarterly,"Current prices, million euro",Unadjusted data (i.e. neither seasonally adjusted nor calendar adjusted data),Gross domestic product at market prices,European Union - 27 countries (from 2020),2006-Q2,2525335.9,,
ESTAT:NAMQ_10_GDP(1.0),21/03/25 23:00:00,Quarterly,"Current prices, million euro",Unadjusted data (i.e. neither seasonally adjusted nor calendar adjusted data),Gross domestic product at market prices,European Union - 27 countries (from 2020),2006-Q3,2521999.6,,
ESTAT:NAMQ_10_GDP(1.0),21/03/25 23:00:00,Quarterly,"Current prices, million euro",Unadjusted data (i.e. neither seasonally adjusted nor calendar adjusted data),Gross domestic product at market prices,European Union - 27 countries (from 2020),2006-Q4,2694561.0,,
ESTAT:NAMQ_10_GDP(1.0),21/03/25 23:00:00,Quarterly,"Current prices, million euro",Unadjusted data (i.e. neither seasonally adjusted nor calendar adjusted data),Gross domestic product at market prices,European Union - 27 countries (from 2020),2007-Q1,2577802.5,,
ESTAT:NAMQ_10_GDP(1.0),21/03/25 23:00:00,Quarterly,"Current prices, million euro",Unadjusted data (i.e. neither seasonally adjusted nor calendar adjusted data),Gross domestic product at market prices,European Union - 27 countries (from 2020),2007-Q2,2681336.5,,
ESTAT:NAMQ_10_GDP(1.0),21/03/25 23:00:00,Quarterly,"Current prices, million euro",Unadjusted data (i.e. neither seasonally adjusted nor calendar adjusted data),Gross domestic product at market prices,European Union - 27 countries (from 2020),2007-Q3,2677260.6,,
ESTAT:NAMQ_10_GDP(1.0),21/03/25 23:00:00,Quarterly,"Current prices, million euro",Unadjusted data (i.e. neither seasonally adjusted nor calendar adjusted data),Gross domestic product at market prices,European Union - 27 countries (from 2020),2007-Q4,2851954.6,,
ESTAT:NAMQ_10_GDP(1.0),21/03/25 23:00:00,Quarterly,"Current prices, million euro",Unadjusted data (i.e. neither seasonally adjusted nor calendar adjusted data),Gross domestic product at market prices,European Union - 27 countries (from 2020),2008-Q1,2695281.4,,
ESTAT:NAMQ_10_GDP(1.0),21/03/25 23:00:00,Quarterly,"Current prices, million euro",Unadjusted data (i.e. neither seasonally adjusted nor calendar adjusted data),Gross domestic product at market prices,European Union - 27 countries (from 2020),2008-Q2,2814745.0,,
ESTAT:NAMQ_10_GDP(1.0),21/03/25 23:00:00,Quarterly,"Current prices, million euro",Unadjusted data (i.e. neither seasonally adjusted nor calendar adjusted data),Gross domestic product at market prices,European Union - 27 countries (from 2020),2008-Q3,2783523.5,,
ESTAT:NAMQ_10_GDP(1.0),21/03/25 23:00:00,Quarterly,"Current prices, million euro",Unadjusted data (i.e. neither seasonally adjusted nor calendar adjusted data),Gross domestic product at market prices,European Union - 27 countries (from 2020),2008-Q4,2843695.7,,
ESTAT:NAMQ_10_GDP(1.0),21/03/25 23:00:00,Quarterly,"Current prices, million euro",Unadjusted data (i.e. neither seasonally adjusted nor calendar adjusted data),Gross domestic product at market prices,European Union - 27 countries (from 2020),2009-Q1,2556138.7,,
ESTAT:NAMQ_10_GDP(1.0),21/03/25 23:00:00,Quarterly,"Current prices, million euro",Unadjusted data (i.e. neither seasonally adjusted nor calendar adjusted data),Gross domestic product at market prices,European Union - 27 countries (from 2020),2009-Q2,2642916.0,,
ESTAT:NAMQ_10_GDP(1.0),21/03/25 23:00:00,Quarterly,"Current prices, million euro",Unadjusted data (i.e. neither seasonally adjusted nor calendar adjusted data),Gross domestic product at market prices,European Union - 27 countries (from 2020),2009-Q3,2651797.5,,
ESTAT:NAMQ_10_GDP(1.0),21/03/25 23:00:00,Quarterly,"Current prices, million euro",Unadjusted data (i.e. neither seasonally adjusted nor calendar adjusted data),Gross domestic product at market prices,European Union - 27 countries (from 2020),2009-Q4,2800897.1,,
ESTAT:NAMQ_10_GDP(1.0),21/03/25 23:00:00,Quarterly,"Current prices, million euro",Unadjusted data (i.e. neither seasonally adjusted nor calendar adjusted data),Gross domestic product at market prices,European Union - 27 countries (from 2020),2010-Q1,2625179.2,,
ESTAT:NAMQ_10_GDP(1.0),21/03/25 23:00:00,Quarterly,"Current prices, million euro",Unadjusted data (i.e. neither seasonally adjusted nor calendar adjusted data),Gross domestic product at market prices,European Union - 27 countries (from 2020),2010-Q2,2751724.5,,
ESTAT:NAMQ_10_GDP(1.0),21/03/25 23:00:00,Quarterly,"Current prices, million euro",Unadjusted data (i.e. neither seasonally adjusted nor calendar adjusted data),Gross domestic product at market prices,European Union - 27 countries (from 2020),2010-Q3,2759500.1,,
ESTAT:NAMQ_10_GDP(1.0),21/03/25 23:00:00,Quarterly,"Current prices, million euro",Unadjusted data (i.e. neither seasonally adjusted nor calendar adjusted data),Gross domestic product at market prices,European Union - 27 countries (from 2020),2010-Q4,2912017.3,,
ESTAT:NAMQ_10_GDP(1.0),21/03/25 23:00:00,Quarterly,"Current prices, million euro",Unadjusted data (i.e. neither seasonally adjusted nor calendar adjusted data),Gross domestic product at market prices,European Union - 27 countries (from 2020),2011-Q1,2760487.6,,
ESTAT:NAMQ_10_GDP(1.0),21/03/25 23:00:00,Quarterly,"Current prices, million euro",Unadjusted data (i.e. neither seasonally adjusted nor calendar adjusted data),Gross domestic product at market prices,European Union - 27 countries (from 2020),2011-Q2,2856666.1,,
ESTAT:NAMQ_10_GDP(1.0),21/03/25 23:00:00,Quarterly,"Current prices, million euro",Unadjusted data (i.e. neither seasonally adjusted nor calendar adjusted data),Gross domestic product at market prices,European Union - 27 countries (from 2020),2011-Q3,2839958.6,,
ESTAT:NAMQ_10_GDP(1.0),21/03/25 23:00:00,Quarterly,"Current prices, million euro",Unadjusted data (i.e. neither seasonally adjusted nor calendar adjusted data),Gross domestic product at market prices,European Union - 27 countries (from 2020),2011-Q4,2951347.5,,
ESTAT:NAMQ_10_GDP(1.0),21/03/25 23:00:00,Quarterly,"Current prices, million euro",Unadjusted data (i.e. neither seasonally adjusted nor calendar adjusted data),Gross domestic product at market prices,European Union - 27 countries (from 2020),2012-Q1,2782727.3,,
ESTAT:NAMQ_10_GDP(1.0),21/03/25 23:00:00,Quarterly,"Current prices, million euro",Unadjusted data (i.e. neither seasonally adjusted nor calendar adjusted data),Gross domestic product at market prices,European Union - 27 countries (from 2020),2012-Q2,2853036.0,,
ESTAT:NAMQ_10_GDP(1.0),21/03/25 23:00:00,Quarterly,"Current prices, million euro",Unadjusted data (i.e. neither seasonally adjusted nor calendar adjusted data),Gross domestic product at market prices,European Union - 27 countries (from 2020),2012-Q3,2857973.5,,
ESTAT:NAMQ_10_GDP(1.0),21/03/25 23:00:00,Quarterly,"Current prices, million euro",Unadjusted data (i.e. neither seasonally adjusted nor calendar adjusted data),Gross domestic product at market prices,European Union - 27 countries (from 2020),2012-Q4,2974055.5,,
ESTAT:NAMQ_10_GDP(1.0),21/03/25 23:00:00,Quarterly,"Current prices, million euro",Unadjusted data (i.e. neither seasonally adjusted nor calendar adjusted data),Gross domestic product at market prices,European Union - 27 countries (from 2020),2013-Q1,2776769.5,,
ESTAT:NAMQ_10_GDP(1.0),21/03/25 23:00:00,Quarterly,"Current prices, million euro",Unadjusted data (i.e. neither seasonally adjusted nor calendar adjusted data),Gross domestic product at market prices,European Union - 27 countries (from 2020),2013-Q2,2893876.5,,
ESTAT:NAMQ_10_GDP(1.0),21/03/25 23:00:00,Quarterly,"Current prices, million euro",Unadjusted data (i.e. neither seasonally adjusted nor calendar adjusted data),Gross domestic product at market prices,European Union - 27 countries (from 2020),2013-Q3,2900017.3,,
ESTAT:NAMQ_10_GDP(1.0),21/03/25 23:00:00,Quarterly,"Current prices, million euro",Unadjusted data (i.e. neither seasonally adjusted nor calendar adjusted data),Gross domestic product at market prices,European Union - 27 countries (from 2020),2013-Q4,3024710.2,,
ESTAT:NAMQ_10_GDP(1.0),21/03/25 23:00:00,Quarterly,"Current prices, million euro",Unadjusted data (i.e. neither seasonally adjusted nor calendar adjusted data),Gross domestic product at market prices,European Union - 27 countries (from 2020),2014-Q1,2849804.5,,
ESTAT:NAMQ_10_GDP(1.0),21/03/25 23:00:00,Quarterly,"Current prices, million euro",Unadjusted data (i.e. neither seasonally adjusted nor calendar adjusted data),Gross domestic product at market prices,European Union - 27 countries (from 2020),2014-Q2,2950316.5,,
ESTAT:NAMQ_10_GDP(1.0),21/03/25 23:00:00,Quarterly,"Current prices, million euro",Unadjusted data (i.e. neither seasonally adjusted nor calendar adjusted data),Gross domestic product at market prices,European Union - 27 countries (from 2020),2014-Q3,2966278.6,,
ESTAT:NAMQ_10_GDP(1.0),21/03/25 23:00:00,Quarterly,"Current prices, million euro",Unadjusted data (i.e. neither seasonally adjusted nor calendar adjusted data),Gross domestic product at market prices,European Union - 27 countries (from 2020),2014-Q4,3101732.6,,
ESTAT:NAMQ_10_GDP(1.0),21/03/25 23:00:00,Quarterly,"Current prices, million euro",Unadjusted data (i.e. neither seasonally adjusted nor calendar adjusted data),Gross domestic product at market prices,European Union - 27 countries (from 2020),2015-Q1,2940693.3,,
ESTAT:NAMQ_10_GDP(1.0),21/03/25 23:00:00,Quarterly,"Current prices, million euro",Unadjusted data (i.e. neither seasonally adjusted nor calendar adjusted data),Gross domestic product at market prices,European Union - 27 countries (from 2020),2015-Q2,3061266.3,,
ESTAT:NAMQ_10_GDP(1.0),21/03/25 23:00:00,Quarterly,"Current prices, million euro",Unadjusted data (i.e. neither seasonally adjusted nor calendar adjusted data),Gross domestic product at market prices,European Union - 27 countries (from 2020),2015-Q3,3075509.1,,
ESTAT:NAMQ_10_GDP(1.0),21/03/25 23:00:00,Quarterly,"Current prices, million euro",Unadjusted data (i.e. neither seasonally adjusted nor calendar adjusted data),Gross domestic product at market prices,European Union - 27 countries (from 2020),2015-Q4,3229698.8,,
ESTAT:NAMQ_10_GDP(1.0),21/03/25 23:00:00,Quarterly,"Current prices, million euro",Unadjusted data (i.e. neither seasonally adjusted nor calendar adjusted data),Gross domestic product at market prices,European Union - 27 countries (from 2020),2016-Q1,3027640.1,,
ESTAT:NAMQ_10_GDP(1.0),21/03/25 23:00:00,Quarterly,"Current prices, million euro",Unadjusted data (i.e. neither seasonally adjusted nor calendar adjusted data),Gross domestic product at market prices,European Union - 27 countries (from 2020),2016-Q2,3160051.0,,
ESTAT:NAMQ_10_GDP(1.0),21/03/25 23:00:00,Quarterly,"Current prices, million euro",Unadjusted data (i.e. neither seasonally adjusted nor calendar adjusted data),Gross domestic product at market prices,European Union - 27 countries (from 2020),2016-Q3,3147391.7,,
ESTAT:NAMQ_10_GDP(1.0),21/03/25 23:00:00,Quarterly,"Current prices, million euro",Unadjusted data (i.e. neither seasonally adjusted nor calendar adjusted data),Gross domestic product at market prices,European Union - 27 countries (from 2020),2016-Q4,3305415.7,,
ESTAT:NAMQ_10_GDP(1.0),21/03/25 23:00:00,Quarterly,"Current prices, million euro",Unadjusted data (i.e. neither seasonally adjusted nor calendar adjusted data),Gross domestic product at market prices,European Union - 27 countries (from 2020),2017-Q1,3152753.4,,
ESTAT:NAMQ_10_GDP(1.0),21/03/25 23:00:00,Quarterly,"Current prices, million euro",Unadjusted data (i.e. neither seasonally adjusted nor calendar adjusted data),Gross domestic product at market prices,European Union - 27 countries (from 2020),2017-Q2,3269646.9,,
ESTAT:NAMQ_10_GDP(1.0),21/03/25 23:00:00,Quarterly,"Current prices, million euro",Unadjusted data (i.e. neither seasonally adjusted nor calendar adjusted data),Gross domestic product at market prices,European Union - 27 countries (from 2020),2017-Q3,3285620.7,,
ESTAT:NAMQ_10_GDP(1.0),21/03/25 23:00:00,Quarterly,"Current prices, million euro",Unadjusted data (i.e. neither seasonally adjusted nor calendar adjusted data),Gross domestic product at market prices,European Union - 27 countries (from 2020),2017-Q4,3460319.4,,
ESTAT:NAMQ_10_GDP(1.0),21/03/25 23:00:00,Quarterly,"Current prices, million euro",Unadjusted data (i.e. neither seasonally adjusted nor calendar adjusted data),Gross domestic product at market prices,European Union - 27 countries (from 2020),2018-Q1,3273374.7,,
ESTAT:NAMQ_10_GDP(1.0),21/03/25 23:00:00,Quarterly,"Current prices, million euro",Unadjusted data (i.e. neither seasonally adjusted nor calendar adjusted data),Gross domestic product at market prices,European Union - 27 countries (from 2020),2018-Q2,3387591.3,,
ESTAT:NAMQ_10_GDP(1.0),21/03/25 23:00:00,Quarterly,"Current prices, million euro",Unadjusted data (i.e. neither seasonally adjusted nor calendar adjusted data),Gross domestic product at market prices,European Union - 27 countries (from 2020),2018-Q3,3388422.1,,
ESTAT:NAMQ_10_GDP(1.0),21/03/25 23:00:00,Quarterly,"Current prices, million euro",Unadjusted data (i.e. neither seasonally adjusted nor calendar adjusted data),Gross domestic product at market prices,European Union - 27 countries (from 2020),2018-Q4,3578977.7,,
ESTAT:NAMQ_10_GDP(1.0),21/03/25 23:00:00,Quarterly,"Current prices, million euro",Unadjusted data (i.e. neither seasonally adjusted nor calendar adjusted data),Gross domestic product at market prices,European Union - 27 countries (from 2020),2019-Q1,3390364.8,,
ESTAT:NAMQ_10_GDP(1.0),21/03/25 23:00:00,Quarterly,"Current prices, million euro",Unadjusted data (i.e. neither seasonally adjusted nor calendar adjusted data),Gross domestic product at market prices,European Union - 27 countries (from 2020),2019-Q2,3508929.0,,
ESTAT:NAMQ_10_GDP(1.0),21/03/25 23:00:00,Quarterly,"Current prices, million euro",Unadjusted data (i.e. neither seasonally adjusted nor calendar adjusted data),Gross domestic product at market prices,European Union - 27 countries (from 2020),2019-Q3,3529138.4,,
ESTAT:NAMQ_10_GDP(1.0),21/03/25 23:00:00,Quarterly,"Current prices, million euro",Unadjusted data (i.e. neither seasonally adjusted nor calendar adjusted data),Gross domestic product at market prices,European Union - 27 countries (from 2020),2019-Q4,3694558.5,,
ESTAT:NAMQ_10_GDP(1.0),21/03/25 23:00:00,Quarterly,"Current prices, million euro",Unadjusted data (i.e. neither seasonally adjusted nor calendar adjusted data),Gross domestic product at market prices,European Union - 27 countries (from 2020),2020-Q1,3384243.6,,
ESTAT:NAMQ_10_GDP(1.0),21/03/25 23:00:00,Quarterly,"Current prices, million euro",Unadjusted data (i.e. neither seasonally adjusted nor calendar adjusted data),Gross domestic product at market prices,European Union - 27 countries (from 2020),2020-Q2,3118575.9,,
ESTAT:NAMQ_10_GDP(1.0),21/03/25 23:00:00,Quarterly,"Current prices, million euro",Unadjusted data (i.e. neither seasonally adjusted nor calendar adjusted data),Gross domestic product at market prices,European Union - 27 countries (from 2020),2020-Q3,3439848.8,,
ESTAT:NAMQ_10_GDP(1.0),21/03/25 23:00:00,Quarterly,"Current prices, million euro",Unadjusted data (i.e. neither seasonally adjusted nor calendar adjusted data),Gross domestic product at market prices,European Union - 27 countries (from 2020),2020-Q4,3637625.6,,
ESTAT:NAMQ_10_GDP(1.0),21/03/25 23:00:00,Quarterly,"Current prices, million euro",Unadjusted data (i.e. neither seasonally adjusted nor calendar adjusted data),Gross domestic product at market prices,European Union - 27 countries (from 2020),2021-Q1,3444472.2,,
ESTAT:NAMQ_10_GDP(1.0),21/03/25 23:00:00,Quarterly,"Current prices, million euro",Unadjusted data (i.e. neither seasonally adjusted nor calendar adjusted data),Gross domestic product at market prices,European Union - 27 countries (from 2020),2021-Q2,3634770.3,,
ESTAT:NAMQ_10_GDP(1.0),21/03/25 23:00:00,Quarterly,"Current prices, million euro",Unadjusted data (i.e. neither seasonally adjusted nor calendar adjusted data),Gross domestic product at market prices,European Union - 27 countries (from 2020),2021-Q3,3738917.5,,
ESTAT:NAMQ_10_GDP(1.0),21/03/25 23:00:00,Quarterly,"Current prices, million euro",Unadjusted data (i.e. neither seasonally adjusted nor calendar adjusted data),Gross domestic product at market prices,European Union - 27 countries (from 2020),2021-Q4,3976199.1,,
ESTAT:NAMQ_10_GDP(1.0),21/03/25 23:00:00,Quarterly,"Current prices, million euro",Unadjusted data (i.e. neither seasonally adjusted nor calendar adjusted data),Gross domestic product at market prices,European Union - 27 countries (from 2020),2022-Q1,3801303.3,,
ESTAT:NAMQ_10_GDP(1.0),21/03/25 23:00:00,Quarterly,"Current prices, million euro",Unadjusted data (i.e. neither seasonally adjusted nor calendar adjusted data),Gross domestic product at market prices,European Union - 27 countries (from 2020),2022-Q2,3994748.2,,
ESTAT:NAMQ_10_GDP(1.0),21/03/25 23:00:00,Quarterly,"Current prices, million euro",Unadjusted data (i.e. neither seasonally adjusted nor calendar adjusted data),Gross domestic product at market prices,European Union - 27 countries (from 2020),2022-Q3,4064937.0,,
ESTAT:NAMQ_10_GDP(1.0),21/03/25 23:00:00,Quarterly,"Current prices, million euro",Unadjusted data (i.e. neither seasonally adjusted nor calendar adjusted data),Gross domestic product at market prices,European Union - 27 countries (from 2020),2022-Q4,4283791.5,,
ESTAT:NAMQ_10_GDP(1.0),21/03/25 23:00:00,Quarterly,"Current prices, million euro",Unadjusted data (i.e. neither seasonally adjusted nor calendar adjusted data),Gross domestic product at market prices,European Union - 27 countries (from 2020),2023-Q1,4122856.0,,
ESTAT:NAMQ_10_GDP(1.0),21/03/25 23:00:00,Quarterly,"Current prices, million euro",Unadjusted data (i.e. neither seasonally adjusted nor calendar adjusted data),Gross domestic product at market prices,European Union - 27 countries (from 2020),2023-Q2,4267227.2,,
ESTAT:NAMQ_10_GDP(1.0),21/03/25 23:00:00,Quarterly,"Current prices, million euro",Unadjusted data (i.e. neither seasonally adjusted nor calendar adjusted data),Gross domestic product at market prices,European Union - 27 countries (from 2020),2023-Q3,4289376.6,,
ESTAT:NAMQ_10_GDP(1.0),21/03/25 23:00:00,Quarterly,"Current prices, million euro",Unadjusted data (i.e. neither seasonally adjusted nor calendar adjusted data),Gross domestic product at market prices,European Union - 27 countries (from 2020),2023-Q4,4518361.7,,
ESTAT:NAMQ_10_GDP(1.0),21/03/25 23:00:00,Quarterly,"Current prices, million euro",Unadjusted data (i.e. neither seasonally adjusted nor calendar adjusted data),Gross domestic product at market prices,European Union - 27 countries (from 2020),2024-Q1,4295057.4,,
ESTAT:NAMQ_10_GDP(1.0),21/03/25 23:00:00,Quarterly,"Current prices, million euro",Unadjusted data (i.e. neither seasonally adjusted nor calendar adjusted data),Gross domestic product at market prices,European Union - 27 countries (from 2020),2024-Q2,4443286.6,,
ESTAT:NAMQ_10_GDP(1.0),21/03/25 23:00:00,Quarterly,"Current prices, million euro",Unadjusted data (i.e. neither seasonally adjusted nor calendar adjusted data),Gross domestic product at market prices,European Union - 27 countries (from 2020),2024-Q3,4483552.7,,
ESTAT:NAMQ_10_GDP(1.0),21/03/25 23:00:00,Quarterly,"Current prices, million euro",Unadjusted data (i.e. neither seasonally adjusted nor calendar adjusted data),Gross domestic product at market prices,European Union - 27 countries (from 2020),2024-Q4,4713625.4,,
